Column,Description,Units
date,The date on which the pitch was thrown,
pitcher_id,A unique identifier for the pitcher,
pitcher_handedness,The handedness (l or r) of the pitcher,
velocity,The pitch's velocity,mph
player_height,The player's height,ft
arm_slot,The pitcher's arm slot on the pitch,deg
back_hip_flexion_at_foot_plant,The flexion angle of the pitcher's back hip at the instant of foot plant,deg
back_hip_flexion_at_mer,The flexion angle of the pitcher's back hip at the instant of throw shoulder maximum external rotation,deg
back_hip_flexion_at_ball_release,The flexion angle of the pitcher's back hip at the instant the pitch is released,deg
back_knee_flexion_at_foot_plant,The flexion angle of the pitcher's back knee at the instant of foot plant,deg
back_knee_flexion_at_mer,The flexion angle of the pitcher's back knee at the instant of throw shoulder maximum external rotation,deg
back_knee_flexion_at_ball_release,The flexion angle of the pitcher's back knee at the instant the pitch is released,deg
back_leg_external_rotation_velo_max,The maximum external rotation angular velocity of the pitcher's back leg during the delivery,deg/s
center_of_mass_velo_max,The maximum linear velocity of the pitcher's center of mass during the delivery,ft/s
glove_elbow_flexion_at_foot_plant,The flexion angle of the pitcher's glove elbow at the instant of foot plant,deg
glove_elbow_flexion_at_mer,The flexion angle of the pitcher's glove elbow at the instant of throw shoulder maximum external rotation,deg
glove_elbow_flexion_at_ball_release,The flexion angle of the pitcher's glove elbow at the instant the pitch is released,deg
glove_shoulder_abduction_at_foot_plant,The abduction angle of the pitcher's glove shoulder at the instant of foot plant,deg
glove_shoulder_abduction_at_mer,The abduction angle of the pitcher's glove shoulder at the instant of throw shoulder maximum external rotation,deg
glove_shoulder_abduction_at_ball_release,The abduction angle of the pitcher's glove shoulder at the instant the pitch is released,deg
glove_shoulder_horizontal_abduction_at_foot_plant,The horizontal abduction angle of the pitcher's glove shoulder at the instant of foot plant,deg
glove_shoulder_horizontal_abduction_at_mer,The horizontal abduction angle of the pitcher's glove shoulder at the instant of throw shoulder maximum external rotation,deg
glove_shoulder_horizontal_abduction_at_ball_release,The horizontal abduction angle of the pitcher's glove shoulder at the instant the pitch is released,deg
glove_shoulder_external_rotation_at_foot_plant,The external rotation angle of the pitcher's glove shoulder at the instant of foot plant,deg
glove_shoulder_external_rotation_at_mer,The external rotation angle of the pitcher's glove shoulder at the instant of throw shoulder maximum external rotation,deg
glove_shoulder_external_rotation_at_ball_release,The external rotation angle of the pitcher's glove shoulder at the instant the pitch is released,deg
hip_shoulder_separation_at_foot_plant,The angle of separation between a line connecting the hips and a line connecting the shoulders at the instant of foot plant,deg
hip_shoulder_separation_at_ball_release,The angle of separation between a line connecting the hips and a line connecting the shoulders at the instant  of throw shoulder maximum external rotation,deg
hip_shoulder_separation_max,The maximum angle of separation between a line connecting the hips and a line connecting the shoulders during the delivery,deg
lead_hip_flexion_at_foot_plant,The flexion angle of the pitcher's lead hip at the instant of foot plant,deg
lead_hip_flexion_at_mer,The flexion angle of the pitcher's lead hip at the instant of throw shoulder maximum external rotation,deg
lead_hip_flexion_at_ball_release,The flexion angle of the pitcher's lead hip at the instant the pitch is released,deg
lead_knee_extension_velo_max,The maximum extension angular velocity of the pitcher's lead knee during the delivery,deg/s
lead_knee_flexion_at_foot_plant,The flexion angle of the pitcher's lead knee at the instant of foot plant,deg
lead_knee_flexion_at_mer,The flexion angle of the pitcher's lead knee at the instant of throw shoulder maximum external rotation,deg
lead_knee_flexion_at_ball_release,The flexion angle of the pitcher's lead knee at the instant the pitch is released,deg
lead_leg_internal_rotation_velo_max,The maximum internal rotation angular velocity of the pitcher's lead leg during the delivery,deg/s
pelvis_rotation_at_foot_plant,The global rotation angle of the pitcher's pelvis at the instant of foot plant,deg
pelvis_rotation_at_mer,The global rotation angle of the pitcher's pelvis at the instant of throw shoulder maximum external rotation,deg
pelvis_rotation_at_ball_release,The global rotation angle of the pitcher's pelvis at the instant the pitch is released,deg
pelvis_rotation_velo_max,The maximum agnular rotation velocity of the pitcher's pelvis during the delivery,deg/s
stride_angle,The angle of the pitcher's stride relative to a straight line connecting the center of the pitcher's mound and home plate,deg
stride_length,The distance between the pitcher's ankles at the instant of foot plant,ft
throw_elbow_extension_velo_max,The maximum extension angular velocity of the pitcher's throwing elbow during the delivery,deg/s
throw_elbow_flexion_at_foot_plant,The flexion angle of the pitcher's throwing elbow at the instant of foot plant,deg
throw_elbow_flexion_at_mer,The flexion angle of the pitcher's throwing elbow at the instant of throw shoulder maximum external rotation,deg
throw_elbow_flexion_at_ball_release,The flexion angle of the pitcher's throwing elbow at the instant the pitch is released,deg
throw_shoulder_abduction_at_foot_plant,The abduction angle of the pitcher's throwing shoulder at the instant of foot plant,deg
throw_shoulder_abduction_at_mer,The abduction angle of the pitcher's throwing shoulder at the instant of throw shoulder maximum external rotation,deg
throw_shoulder_abduction_at_ball_release,The abduction angle of the pitcher's throwing shoulder at the instant the pitch is released,deg
throw_shoulder_horizontal_abduction_at_foot_plant,The horizontal abduction angle of the pitcher's throwing shoulder at the instant of foot plant,deg
throw_shoulder_horizontal_abduction_at_mer,The horizontal abduction angle of the pitcher's throwing shoulder at the instant of throw shoulder maximum external rotation,deg
throw_shoulder_horizontal_abduction_at_ball_release,The horizontal abduction angle of the pitcher's throwing shoulder at the instant the pitch is released,deg
throw_shoulder_external_rotation_at_foot_plant,The external rotation angle of the pitcher's throwing shoulder at the instant of foot plant,deg
throw_shoulder_external_rotation_at_ball_release,The external rotation angle of the pitcher's throwing shoulder at the instant of throw shoulder maximum external rotation,deg
throw_shoulder_external_rotation_max,The external rotation angle of the pitcher's throwing shoulder at the instant the pitch is released,deg
throw_shoulder_internal_rotation_velo_max,The maximum internal rotation angular velocity of the pitcher's throwing shoulder during the delivery,deg/s
torso_forward_bend_at_foot_plant,The global forward bend angle of the pitcher's torso at the instant of foot plant,deg
torso_forward_bend_at_mer,The global forward bend angle of the pitcher's torso at the instant of throw shoulder maximum external rotation,deg
torso_forward_bend_at_ball_release,The global forward bend angle of the pitcher's torso at the instant the pitch is released,deg
torso_rotation_at_foot_plant,The global rotation angle of the pitcher's torso at the instant of foot plant,deg
torso_rotation_at_mer,The global rotation angle of the pitcher's torso at the instant of throw shoulder maximum external rotation,deg
torso_rotation_at_ball_release,The global rotation angle of the pitcher's torso at the instant the pitch is released,deg
torso_rotation_velo_max,The maximum angular rotation velocity of the pitcher's torso during the delivery,deg/s
torso_sidebend_at_foot_plant,The global sidebend angle of the pitcher's torso at the instant of foot plant,deg
torso_sidebend_at_mer,The global sidebend angle of the pitcher's torso at the instant of throw shoulder maximum external rotation,deg
torso_sidebend_at_ball_release,The global sidebend angle of the pitcher's torso at the instant the pitch is released,deg